Species,FDp1,HDp1,scHW,scBL,scBW,scHLW,scHLL,scFootL
Ablepharus_bivittatus,5,5,0.22441509,0.797362349,0.28922699,0.067580662,0.272483466,0.178486317
Ablepharus_deserti,5,5,0.223396383,0.795988022,0.239621724,0.075789888,0.262875608,0.127733553
Abronia_deppii,6,6,0.293264751,0.800754418,0.307807035,0.10915473,0.243566275,0.15878573
Abronia_montecristoi,6,6,0.235725476,0.803547336,0.285440101,0.103632213,0.26728576,0.170643638
Abronia_salvadorensis,6,6,0.255448342,0.856197743,0.302143236,0.131060131,0.281554215,0.175906608
Abronia_taeniata,6,6,0.257737667,0.80110399,0.291450609,0.099263665,0.291342032,0.192207736
Acanthocercus_yemenensis,6,6,0.336087226,0.776749057,0.412444902,0.15376287,0.433366748,0.245860205
Acanthodactylus_boskianus,6,6,0.206263672,0.708057011,0.205190825,0.126751213,0.395411176,0.283689005
Acanthodactylus_erythrurus,6,6,0.205918598,0.728515086,0.257689839,0.118515999,0.380386709,0.268044329
Acanthodactylus_micropholis,6,6,0.254271512,0.764134075,0.288616358,0.126637489,0.395872871,0.262013584
Acanthodactylus_pardalis,6,6,0.218104491,0.72206164,0.251946637,0.100312411,0.363109125,0.244289798
Acanthodactylus_robustus,6,6,0.233564672,0.718554856,0.268232745,0.124367744,0.319777367,0.168203592
Acanthodactylus_schmidti,6,6,0.207820342,0.715436208,0.285387159,0.092274344,0.371827534,0.243032613
Acanthodactylus_scutellatus,6,6,0.212097126,0.730904064,0.299276633,0.106391166,0.358094207,0.248649081
Acanthosaura_lepidogaster,6,6,0.258188112,0.747232167,0.290737675,0.125480165,0.426959162,0.264650381
Acontias_gracilicauda,1,1,0.211994174,1.154152639,0.199838801,0,0,0
Aeluroscalabotes_felinus,6,6,0.213688952,0.765045158,0.215117184,0.085030151,0.211283677,0.053973483
Afroedura_transvaalica,6,6,0.307561359,0.780341222,0.350124843,0.153335816,0.289627344,0.135751929
Agama_agama,6,6,0.259457607,0.725677338,0.352061675,0.124786092,0.367269773,0.222310794
Agama_doriae,6,6,0.301209478,0.797664323,0.352462599,0.139836272,0.43385163,0.238639099
Agama_kirki,6,6,0.313037805,0.804641297,0.407797646,0.218594311,0.454608157,0.270001857
Agama_mossambica,6,6,0.304654128,0.819296717,0.398898462,0.166389286,0.466079995,0.28387478
Agamura_persica,6,6,0.253345772,0.693591276,0.242786638,0.106447006,0.414267864,0.171595146
Alopoglossus_buckleyi,6,6,0.210929191,0.730177435,0.276933616,0.09970743,0.290783525,0.173744834
Alopoglossus_festae,6,6,0.21406288,0.713977138,0.239766469,0.075824722,0.296810926,0.18112228
Ameiva_ameiva,6,6,0.220890697,0.733563206,0.289271184,0.126297964,0.392819487,0.296900941
Ameiva_auberi,6,6,0.192141792,0.707976925,0.273402233,0.109895931,0.3932565,0.294471235
Ameiva_bifrontata,6,6,0.258599177,0.816712255,0.360792443,0.160066653,0.458870856,0.349034005
Ameiva_chrysolaema,6,6,0.220988788,0.769011516,0.278199696,0.133735765,0.416265361,0.320818828
Ameiva_exsul,6,6,0.18615301,0.749559523,0.2928685,0.131536111,0.385474771,0.28996465
Ameiva_griswoldi,6,6,0.197708243,0.730070754,0.279806975,0.115822724,0.388375468,0.297080702
Ameiva_leberi,6,6,0.218925321,0.727535664,0.251690199,0.111298305,0.389359956,0.289747707
Ameiva_leptophrys,6,6,0.190824484,0.697584642,0.258222038,0.106923473,0.368793179,0.270494228
Ameiva_lineolata,6,6,0.255020487,0.758174126,0.278324852,0.091421852,0.399840212,0.289349386
Ameiva_maynardi,6,6,0.17358716,0.675337105,0.193113414,0.082145826,0.360151782,0.272072055
Ameiva_pleei,6,6,0.180408814,0.702283808,0.252483564,0.111320954,0.406874083,0.310863953
Ameiva_quadrilineata,6,6,0.208334469,0.71388747,0.256435061,0.103940786,0.364355267,0.260796838
Ameiva_undulata,6,6,0.1926435,0.71416453,0.243168889,0.119565352,0.378274011,0.281804673
Amphiglossus_astrolabi,6,6,0.195570806,0.866136037,0.221374811,0.073209861,0.209452472,0.12910092
Amphiglossus_frontoparietalis,6,6,0.226751869,0.847788834,0.320470336,0.107973376,0.324048429,0.223564838
Amphisbaena_caeca,1,1,0.186323715,1.335176502,0.221702138,0,0,0
Amphisbaena_manni,1,1,0.162481037,1.297705414,0.210055088,0,0,0
Anadia_bitaeniata,6,6,0.237635318,0.834600923,0.232630135,0.101347239,0.28981931,0.201703723
Anadia_ocellata,6,6,0.194806555,0.833567565,0.225715463,0.094705714,0.258122872,0.164611836
Anguis_fragilis,1,1,0.24235501,1.233249852,0.307350347,0,0,0
Anolis_acutus,6,6,0.193641594,0.67649902,0.223873488,0.083680465,0.355790856,0.218852202
Anolis_aeneus,6,6,0.211847831,0.716585447,0.196734233,0.099020064,0.383408943,0.237619618
Anolis_aequatorialis,6,6,0.20312191,0.748156644,0.239156483,0.102884135,0.437401371,0.3102389
Anolis_aliniger,6,6,0.205635463,0.683977704,0.255370571,0.099176987,0.326971877,0.201763502
Anolis_allisoni,6,6,0.219627876,0.673291488,0.225902835,0.097755556,0.280671249,0.177413209
Anolis_aquaticus,6,6,0.205547812,0.735937352,0.262366848,0.118626869,0.442477491,0.274001405
Anolis_argenteolus,6,6,0.174624918,0.659703135,0.237106956,0.109702819,0.408013379,0.241973921
Anolis_armouri,6,6,0.25956674,0.687311818,0.218198642,0.10100864,0.383427094,0.23371987
Anolis_barahonae,6,6,0.200232427,0.724658248,0.273930091,0.111691315,0.339260801,0.224593037
Anolis_barbatus,6,6,0.212561739,0.704651673,0.210507216,0.086739614,0.290807154,0.179564714
Anolis_barbouri,6,6,0.207435856,0.694552433,0.212718895,0.099188539,0.402257478,0.227647166
Anolis_bimaculatus,6,6,0.220839744,0.655079033,0.221161181,0.096990201,0.39026757,0.251480228
Anolis_biporcatus,6,6,0.21052591,0.697986987,0.224562582,0.10559427,0.354695046,0.225003626
Anolis_bonairensis,6,6,0.205837956,0.671418223,0.25303883,0.119821903,0.36706679,0.230702493
Anolis_capito,6,6,0.238197943,0.777456755,0.280904115,0.128792403,0.460926942,0.248698373
Anolis_carolinensis,6,6,0.208114871,0.673505548,0.253520018,0.091058301,0.310371281,0.193468068
Anolis_chloris,6,6,0.184654895,0.702939993,0.220823025,0.078758772,0.418154166,0.279020441
Anolis_chlorocyanus,6,6,0.217046506,0.724540637,0.233433246,0.112261682,0.351935256,0.230525684
Anolis_coelestinus,6,6,0.22212581,0.739200817,0.245813302,0.122760853,0.355497758,0.230600721
Anolis_cristatellus,6,6,0.233402489,0.695547739,0.235303883,0.124754499,0.388821258,0.234585634
Anolis_cuvieri,6,6,0.213285035,0.697574266,0.181389873,0.093696068,0.345039209,0.205546137
Anolis_cybotes,6,6,0.231529605,0.669566565,0.21402133,0.110883031,0.375996763,0.240347043
Anolis_darlingtoni,6,6,0.179861992,0.66056071,0.177713719,0.074472273,0.263147496,0.164329822
Anolis_distichus,6,6,0.215004323,0.70353566,0.321198741,0.114917511,0.399784679,0.240310203
Anolis_equestris,6,6,0.215772501,0.725669499,0.175802096,0.100409238,0.294963874,0.187278229
Anolis_evermanni,6,6,0.196447195,0.694116127,0.202422678,0.100298679,0.368644878,0.23629358
Anolis_extremus,6,6,0.225238241,0.719598037,0.252363331,0.117397435,0.364404873,0.234268412
Anolis_fowleri,6,6,0.206941484,0.717350745,0.223510834,0.104853519,0.386549945,0.24450943
Anolis_garmani,6,6,0.211670209,0.673975328,0.223081113,0.10289686,0.334044695,0.220585667
Anolis_gingivinus,6,6,0.235446168,0.687996541,0.270370059,0.111341182,0.399284839,0.263523723
Anolis_grahami,6,6,0.24241938,0.701948132,0.295103231,0.106070156,0.372390914,0.231624244
Anolis_gundlachi,6,6,0.232703404,0.705230592,0.23195033,0.102217711,0.38742703,0.218144756
Anolis_homolechis,6,6,0.226747228,0.720479699,0.263646206,0.115451016,0.427165062,0.287726811
Anolis_humilis,6,6,0.245284646,0.690063723,0.285832901,0.108367075,0.430781794,0.264005016
Anolis_krugi,6,6,0.185955326,0.641175199,0.16409571,0.080613469,0.388629498,0.25335028
Anolis_leachi,6,6,0.205246131,0.701998165,0.269453104,0.128117242,0.383446261,0.246907094
Anolis_lemurinus,6,6,0.216957833,0.708084548,0.258765336,0.11688425,0.411824657,0.264977088
Anolis_lineatopus,6,6,0.191088651,0.666320109,0.21047218,0.087808458,0.386076516,0.25058677
Anolis_lividus,6,6,0.221459631,0.6990584,0.195450825,0.105684628,0.369548052,0.230698855
Anolis_longitibialis,6,6,0.215120837,0.682822272,0.247988868,0.096662706,0.388223909,0.239306988
Anolis_luciae,6,6,0.220220164,0.713529094,0.251016392,0.097641117,0.376503688,0.243509116
Anolis_luteogularis,6,6,0.199279769,0.728760212,0.231368308,0.106122212,0.287711548,0.185982287
Anolis_marmoratus,6,6,0.201112602,0.683901656,0.175916384,0.099151329,0.397147584,0.251882758
Anolis_occultus,6,6,0.162304583,0.685963832,0.149041681,0.096361735,0.266572427,0.131037053
Anolis_oculatus,6,6,0.209236644,0.680267939,0.219913992,0.102674355,0.368093382,0.235349532
Anolis_onca,6,6,0.222504724,0.737675106,0.281744522,0.10773689,0.328564474,0.186247327
Anolis_opalinus,6,6,0.208410621,0.658072009,0.24628096,0.105183261,0.366273559,0.242461834
Anolis_pentaprion,6,6,0.226314167,0.715631065,0.313792022,0.115134259,0.358045488,0.236436337
Anolis_porcatus,6,6,0.202664156,0.673830997,0.225545114,0.105586573,0.3117866,0.202053853
Anolis_pulchellus,6,6,0.17710512,0.650253095,0.156362227,0.076191644,0.359003509,0.229410919
Anolis_punctatus,6,6,0.202472816,0.730991893,0.241340051,0.102614864,0.361862411,0.231674813
Anolis_richardii,6,6,0.260362466,0.80452983,0.288617516,0.126315676,0.43685875,0.293866804
Anolis_roquet,6,6,0.212573657,0.704455604,0.188208563,0.097707602,0.385289598,0.249300236
Anolis_sagrei,6,6,0.220224691,0.701920174,0.245527454,0.10675793,0.406834814,0.264744009
Anolis_stratulus,6,6,0.198843278,0.682115016,0.189362004,0.112188657,0.379967787,0.24202039
Anolis_trinitatis,6,6,0.197230247,0.6765547,0.234708325,0.089240519,0.379286931,0.2404162
Anolis_uniformis,6,6,0.199830179,0.627430928,0.186088899,0.075328948,0.391725673,0.242900405
Anolis_valencienni,6,6,0.200542066,0.712296253,0.209578588,0.109121859,0.322158994,0.195893567
Anolis_vermiculatus,6,6,0.199746414,0.715175719,0.215671582,0.103514606,0.364973455,0.248034676
Anolis_wattsi,6,6,0.220917032,0.671410699,0.207858884,0.090606171,0.381408205,0.240441648
Anomalopus_verreauxi,4,1,0.21067856,1.009851633,0.220505866,0,0,0
Apterygodon_vittatus,6,6,0.241056797,0.742521039,0.268541992,0.114639962,0.29226909,0.177292887
Aristelliger_cochranae,6,6,0.22923889,0.711169921,0.285182287,0.114645314,0.26709486,0.143491685
Aristelliger_lar,6,6,0.22929356,0.716982141,0.301868471,0.156761679,0.235520206,0.130845425
Aristelliger_praesignis,6,6,0.261111882,0.734912046,0.2501615,0.126596997,0.269210291,0.16852797
Arthrosaura_reticulata,6,6,0.220937734,0.75199268,0.237351373,0.104410888,0.349250473,0.249669564
Bachia_bicolor,5,1,0.206229546,1.005655221,0.200771674,0,0,0
Bachia_bresslaui,3,1,0.20167805,0.992007079,0.202281866,0.028778756,0.099120438,0.058730134
Bachia_flavescens,2,2,0.211241168,1.06546889,0.242365557,0.033463519,0.119103082,0.03123495
Bachia_monodactylus,4,1,0.209096922,1.004655543,0.222140771,0,0,0
Bachia_trisanale,3,1,0.168586397,1.026819884,0.192600431,0,0,0
Barisia_imbricata,6,6,0.259498919,0.804033817,0.295138455,0.10511699,0.224964043,0.14247467
Basiliscus_basiliscus,6,6,0.209151154,0.739638316,0.227571416,0.119527863,0.430624276,0.300088739
Basiliscus_galeritus,6,6,0.20851279,0.755152851,0.264206642,0.119699232,0.477009682,0.337104742
Basiliscus_plumifrons,6,6,0.217014797,0.763139264,0.319630606,0.122569518,0.452203121,0.318157719
Basiliscus_vittatus,6,6,0.233918233,0.808176527,0.350365358,0.141701026,0.538219214,0.381822848
Bavayia_cyclura,6,6,0.275300476,0.782364265,0.319907404,0.156324273,0.325432256,0.172487569
Bipes_canaliculatus,1,1,0.226584115,1.394501796,0.283322893,0,0,0
Brachymeles_bonitae,6,6,0.242909262,1.088052744,0.253733628,0.046824543,0.072341774,0
Brachymeles_boulengeri,6,6,0.261135004,0.943273159,0.321170842,0.102341068,0.227231635,0.120201424
Brachymeles_gracilis,6,6,0.275554528,0.934275109,0.340718064,0.116927907,0.272629388,0.109560237
Brachymeles_pathfinderi,6,6,0.254297421,0.975355695,0.331820843,0.082521737,0.237609351,0.187640004
Brachymeles_talinis,6,6,0.214472481,0.879156184,0.258260672,0.091905572,0.227732504,0.12230364
Bronchocela_cristatella,6,6,0.267403517,0.804402826,0.260160741,0.105984204,0.48193305,0.307976646
Callisaurus_draconoides,6,6,0.264358442,0.789962743,0.362853787,0.194347843,0.544493847,0.368758296
Callopistes_maculatus,6,6,0.184446493,0.798103228,0.240757565,0.101273209,0.324300881,0.220163054
Calotes_calotes,6,6,0.263346743,0.785745287,0.215128219,0.11019434,0.447346482,0.292660815
Calotes_emma,6,6,0.231993961,0.765237376,0.25846439,0.125168229,0.384141558,0.258133745
Calotes_mystaceus,6,6,0.270870429,0.803478332,0.338094348,0.110601226,0.424703097,0.278476767
Calotes_versicolor,6,6,0.291473302,0.748113446,0.315944881,0.132862344,0.433498938,0.282058403
Calyptommatus_nicterus,1,2,0.237638267,1.108204108,0.227664251,0,0,0
Carlia_ailanpalai,5,6,0.216781025,0.758001668,0.2920608,0.097108319,0.319554106,0.192062774
Carlia_aramia,5,6,0.242275297,0.758617087,0.319558427,0.132614354,0.319084679,0.183994721
Carlia_bicarinata,5,6,0.212129862,0.715747961,0.263933604,0.092562716,0.328431653,0.218512768
Carlia_fusca,5,6,0.221681886,0.763558093,0.303494847,0.12226706,0.33614559,0.229707284
Carlia_longipes,5,6,0.230715379,0.745131238,0.262748413,0.094523059,0.270924994,0.168030507
Carlia_luctuosa,5,6,0.235000508,0.758767061,0.297241931,0.127373238,0.313187979,0.201925544
Carlia_mysi,5,6,0.22237626,0.735696941,0.266353931,0.099665447,0.359843834,0.240830242
Carlia_tutela,5,6,0.231100457,0.743328339,0.268918421,0.106998243,0.347131642,0.219411199
Celestus_badius,6,6,0.232890574,0.83440519,0.294302193,0.091498956,0.234036772,0.163624325
Celestus_barbouri,6,6,0.212157603,0.858806177,0.266725005,0.090154988,0.221686099,0.145061183
Celestus_costatus,6,6,0.229452631,0.871650783,0.276093264,0.10206644,0.284810984,0.194189336
Celestus_fowleri,6,6,0.244053029,0.831196266,0.28229875,0.091882912,0.268873643,0.201083035
Celestus_sternus,6,6,0.22952802,0.897082921,0.311713069,0.094042649,0.296967887,0.182077744
Cercosaura_argulus,6,6,0.182411965,0.721184008,0.272872845,0.086562114,0.275584606,0.16079402
Cercosaura_manicatus,6,6,0.214518066,0.729552167,0.275246033,0.078425462,0.311318639,0.197672202
Cercosaura_ocellata,6,6,0.21687703,0.734256689,0.234962777,0.096266344,0.339214459,0.203440618
Cercosaura_quadrilineata,6,6,0.200801708,0.740312139,0.280516938,0.101049289,0.272958304,0.18246701
Chalarodon_madagascariensis,6,6,0.274034434,0.737657424,0.314162763,0.126388078,0.479096416,0.330034356
Chalcides_chalcides,4,4,0.215308571,1.075156292,0.24588558,0,0,0
Chalcides_ocellatus,5,6,0.237480346,0.899108615,0.295129528,0.092125611,0.253655597,0.158984662
Chalcides_sexlineatus,6,6,0.27900125,0.885022648,0.293905137,0.126353663,0.311525316,0.190582707
Chalcides_viridanus,6,6,0.240337624,0.881986126,0.288179711,0.086779915,0.296360837,0.190935697
Chamaeleo_melleri,6,6,0.167971332,0.71305676,0.225409141,0.078107086,0.206836564,0.078603299
Chamaesaura_anguina,1,1,0.160163516,0.925775959,0.164329871,0,0,0
Chamaesaura_macrolepis,2,2,0.140003303,0.933380061,0.134666476,0.046743315,0.111305848,0.059582298
Chlamydosaurus_kingii,6,6,0.250385501,0.786118555,0.259054508,0.126371305,0.373990195,0.263495818
Christinus_marmoratus,6,6,0.251706514,0.740779701,0.264116922,0.12911142,0.292962791,0.145025499
Cnemidophorus_costatus,6,6,0.19733792,0.765363092,0.283325258,0.115901737,0.39764567,0.289599657
Cnemidophorus_deppei,6,6,0.179559273,0.752698305,0.25352197,0.125970194,0.37870926,0.288205849
Cnemidophorus_exsanguis,6,6,0.21313702,0.77537918,0.291056037,0.145278247,0.443537495,0.335133804
Cnemidophorus_flagellicaudus,6,6,0.189089821,0.743473448,0.211586998,0.114030556,0.378837516,0.289710898
Cnemidophorus_gularis,6,6,0.228756635,0.753031492,0.282344438,0.119340506,0.415759263,0.296235495
Cnemidophorus_guttatus,6,6,0.199948784,0.738476666,0.235562808,0.131347511,0.385349272,0.291788027
Cnemidophorus_hyperythrus,6,6,0.172923883,0.699834504,0.235098136,0.112140974,0.359605042,0.278163676
Cnemidophorus_inornatus,6,6,0.227722902,0.697272299,0.266992545,0.106937103,0.394405316,0.293341341
Cnemidophorus_lemniscatus,6,6,0.216614213,0.729338259,0.253089991,0.08696481,0.369565178,0.281585412
Cnemidophorus_mexicanus,6,6,0.201200193,0.774344564,0.237671753,0.127487537,0.38284943,0.279694944
Cnemidophorus_neomexicanus,6,6,0.224442083,0.745988826,0.267711959,0.133523307,0.406532056,0.295600051
Cnemidophorus_sexlineatus,6,6,0.199788217,0.761976233,0.258513861,0.081534615,0.417092467,0.300107711
Cnemidophorus_tesselatus,6,6,0.187760248,0.740007112,0.239668856,0.101910918,0.406713403,0.303684047
Cnemidophorus_tigris,6,6,0.191419586,0.734897638,0.285102296,0.109684734,0.405916632,0.30560315
Cnemidophorus_velox,6,6,0.189872599,0.762799253,0.287421815,0.114938945,0.43396397,0.328056312
Coleonyx_brevis,6,6,0.210817739,0.775402893,0.219492371,0.118511664,0.309309575,0.171849331
Coleonyx_mitratus,6,6,0.206638425,0.756427497,0.230728748,0.109731799,0.224153087,0.098486477
Coleonyx_reticulatus,6,6,0.237371444,0.762563131,0.241746591,0.099421381,0.286354134,0.153457143
Coleonyx_variegatus,6,6,0.21255215,0.769514769,0.225648334,0.101737752,0.289688205,0.144081587
Colobodactylus_dalcyanus,5,6,0.219116318,0.821159447,0.261587519,0.076666734,0.279569425,0.169859919
Cophosaurus_texanus,6,6,0.247936709,0.784043812,0.313035253,0.171845764,0.511147475,0.372163485
Cophotis_ceylanica,6,6,0.231634529,0.742814695,0.176175165,0.102229385,0.359969551,0.220670257
Cordylus_caeruleopunctatus,6,6,0.238906668,0.731916039,0.318632334,0.136931892,0.292964633,0.211647679
Cordylus_cataphractus,6,6,0.275443951,0.730681034,0.345777896,0.125845993,0.275340636,0.151649138
Cordylus_giganteus,6,6,0.242794715,0.749894675,0.269326273,0.110394035,0.263121426,0.148893659
Cordylus_macropholis,6,6,0.258494135,0.743286345,0.327528477,0.106022251,0.298062111,0.163799222
Cordylus_microlepidotus,6,6,0.294766304,0.7720367,0.32657352,0.146434669,0.323237938,0.204136908
Cordylus_niger,6,6,0.243433156,0.684824488,0.264617657,0.111971657,0.280605299,0.174710083
Cordylus_peersi,6,6,0.240624795,0.712288605,0.263208241,0.104084331,0.289721941,0.150043066
Cordylus_polyzonus,6,6,0.268298747,0.740933231,0.294516815,0.120543972,0.290502942,0.167713579
Cordylus_spinosus,6,6,0.252839765,0.751894565,0.351818263,0.130878898,0.300578102,0.178318228
Corucia_zebrata,6,6,0.30878675,0.904570341,0.374346522,0.103140833,0.270376477,0.194474004
Cricosaura_typica,6,6,0.21938005,0.768267358,0.253169023,0.10558222,0.281450453,0.156273093
Crocodilurus_amazonicus,6,6,0.195271922,0.844428577,0.270754618,0.114134271,0.292759563,0.202676717
Crotaphytus_collaris,6,6,0.27147751,0.746912683,0.274750929,0.132167469,0.380991566,0.171919754
Crotaphytus_dickersonae,6,6,0.296474443,0.743251753,0.342242791,0.157715132,0.431638275,0.263731694
Crotaphytus_insularis,6,6,0.265245026,0.753523318,0.397761741,0.12995098,0.418779638,0.265859006
Crotaphytus_reticulatus,6,6,0.29900297,0.702837777,0.322220992,0.139885947,0.431712122,0.287274266
Cryptoblepharus_boutonii,6,6,0.196177785,0.750530327,0.240603482,0.091149808,0.302535196,0.174496588
Ctenophorus_decresii,6,6,0.314860354,0.744624629,0.348844025,0.13755864,0.42642606,0.274886993
Ctenophorus_fionni,6,6,0.302842395,0.707102828,0.356395291,0.14056884,0.425320315,0.281690318
Ctenophorus_maculatus,6,6,0.256020679,0.753014934,0.277733353,0.145710781,0.468023663,0.321502999
Ctenophorus_pictus,6,6,0.317152761,0.750440055,0.343276699,0.127109851,0.434064462,0.272305614
Ctenotus_fallens,6,6,0.225496445,0.783297133,0.258033672,0.103070664,0.323935342,0.229722698
Ctenotus_labillardieri,6,6,0.205711793,0.723916346,0.220034191,0.085483799,0.308531766,0.209219784
Ctenotus_robustus,6,6,0.245039558,0.85263444,0.318749195,0.107686371,0.286889525,0.189573169
Ctenotus_taeniolatus,6,6,0.208985331,0.797862196,0.228103928,0.094936637,0.37451489,0.25245457
Cyclodina_cuprea,6,6,0.267481609,0.839202782,0.297452954,0.10019908,0.311276346,0.182476974
Cyclodina_oliveri,6,6,0.221178661,0.817384194,0.278553493,0.088232578,0.256630384,0.16066602
Cyclodina_ornata,6,6,0.222637492,0.778068257,0.240805505,0.101523318,0.274312286,0.180105189
Cyclura_nubila,6,6,0.222891283,0.767737769,0.307397155,0.132771174,0.412465187,0.303891863
Cyrtodactylus_annulatus,6,6,0.219942253,0.706169654,0.214387666,0.110648869,0.275359204,0.139770823
Darevskia_rudis,6,6,0.233616465,0.752916997,0.283232756,0.127656986,0.351075511,0.228821057
Dasia_grisea,6,6,0.228288801,0.765662067,0.204350503,0.08876674,0.21604346,0.143831062
Dicrodon_guttulatum,6,6,0.225029295,0.795724599,0.305690144,0.130610218,0.404254081,0.306971322
Dicrodon_heterolepis,6,6,0.201198721,0.746489501,0.289905633,0.138183944,0.389563981,0.305282832
Diploglossus_darlingtoni,6,6,0.26805891,0.81260126,0.293296135,0.089449525,0.236110116,0.155551837
Diploglossus_delasagra,6,6,0.247447064,0.932401556,0.261003196,0.118214523,0.252304645,0.154801501
Diploglossus_millepunctatus,6,6,0.212163058,0.809032557,0.27982211,0.08318259,0.256446012,0.153306044
Diplolaemus_bibroni,6,6,0.30064568,0.738399245,0.342991327,0.093946904,0.348781319,0.218744401
Diplolaemus_darwinii,6,6,0.274276288,0.729131704,0.289350951,0.112943089,0.339880637,0.23011977
Diporiphora_albilabris,6,6,0.285505342,0.737086428,0.275266519,0.110235426,0.449525946,0.300803129
Diporiphora_australis,6,6,0.257841868,0.739175653,0.304319682,0.101907528,0.424289901,0.28651693
Diporiphora_bilineata,6,6,0.270787497,0.740974566,0.262954769,0.112759131,0.441621388,0.305329169
Dipsosaurus_dorsalis,6,6,0.277128122,0.881636252,0.421700475,0.158005844,0.485028409,0.349902253
Draco_guentheri,6,6,0.255900204,0.831234638,0.580590269,0.149412241,0.388560806,0.233663151
Draco_haematopogon,6,6,0.224857522,0.860724207,0.361907457,0.134525184,0.434836702,0.231038519
Draco_jareckii,6,6,0.264224892,0.872497039,0.47088492,0.144301112,0.41064569,0.254030542
Draco_maximus,6,6,0.268558478,0.888582031,0.480955587,0.14939598,0.413070926,0.235321521
Draco_obscurus,6,6,0.230399246,0.86182256,0.393980291,0.156767933,0.420149794,0.256543134
Draco_ornatus,6,6,0.230186114,0.812206634,0.346452923,0.145120862,0.380931534,0.221054605
Draco_quinquefasciatus,6,6,0.223543188,0.821810352,0.311966084,0.115640712,0.350044633,0.179422401
Draco_spilopterus,6,6,0.242869442,0.857466291,0.41791679,0.128968412,0.456006854,0.267979879
Draco_sumatranus,6,6,0.272748507,0.885401385,0.373502219,0.15454939,0.441495102,0.276533046
Draco_volans,6,6,0.239837305,0.824513736,0.621369667,0.121712257,0.338867732,0.193837191
Echinosaura_panamensis,6,6,0.192139802,0.749712645,0.23222783,0.086871168,0.272719139,0.169274186
Egernia_cunninghami,6,6,0.27629918,0.851148038,0.342783845,0.116114373,0.326240535,0.186452944
Egernia_formosa,6,6,0.22668107,0.757274906,0.268489049,0.082803958,0.249212554,0.158175554
Egernia_major,6,6,0.263137048,0.833880688,0.315426915,0.147169153,0.249583828,0.162877621
Egernia_mcpheei,6,6,0.219320317,0.739564762,0.230386458,0.103432397,0.281310667,0.167796372
Egernia_pulchra,6,6,0.233164553,0.776420876,0.231097972,0.112021098,0.253913142,0.170254281
Egernia_striolata,6,6,0.27721977,0.821135326,0.31148598,0.112731185,0.254012615,0.154043248
Elgaria_coerulea,6,6,0.216716725,0.803026633,0.252699799,0.104624887,0.245342551,0.146473952
Elgaria_kingii,6,6,0.242523825,0.796162761,0.240348159,0.094577874,0.187746927,0.108945721
Elgaria_multicarinata,6,6,0.242389935,0.839439123,0.289245389,0.111261923,0.270547195,0.172093565
Elgaria_paucicarinata,6,6,0.22612859,0.836035244,0.27001575,0.121542151,0.242164837,0.144570721
Emoia_adspersa,6,6,0.20753072,0.746905526,0.276656281,0.099425496,0.309263595,0.188509269
Emoia_arnoensis,6,6,0.213658967,0.781053418,0.270267187,0.105764683,0.319785211,0.20380078
Emoia_boettgeri,6,6,0.205117182,0.751298852,0.271151577,0.104484498,0.310338695,0.1947252
Emoia_caeruleocauda,6,6,0.218830569,0.751142865,0.235465585,0.081262322,0.307114402,0.194276204
Emoia_cyanogaster,6,6,0.194176718,0.760705909,0.223274861,0.087859415,0.299848313,0.201602378
Emoia_cyanura,6,6,0.204653374,0.756287683,0.251433637,0.109959356,0.333644405,0.199033731
Emoia_impar,6,6,0.204968706,0.734244096,0.253930037,0.086414365,0.305393285,0.162902202
Emoia_jakati,6,6,0.219272046,0.746147385,0.29860549,0.126459837,0.361216314,0.241267695
Emoia_lawesii,6,6,0.202343384,0.810919709,0.256926958,0.106288466,0.296570932,0.177605858
Emoia_longicauda,6,6,0.184961937,0.725684691,0.206136642,0.078399388,0.298074416,0.198765818
Emoia_mivarti,6,6,0.226962494,0.734053876,0.286183961,0.099032263,0.349235931,0.221075825
Emoia_nigra,6,6,0.194812021,0.68793338,0.214128848,0.087176139,0.329667193,0.210714429
Emoia_pallidiceps,6,6,0.227606039,0.748920616,0.325894148,0.122472615,0.358026153,0.224867806
Emoia_rufilabialis,6,6,0.217763186,0.737766358,0.251800499,0.085637244,0.318492102,0.191312296
Emoia_samoensis,6,6,0.249956787,0.83993717,0.329364501,0.142356885,0.388938768,0.261078504
Emoia_slevini,6,6,0.215987569,0.80702298,0.288786196,0.133994239,0.332389222,0.220372672
Emoia_submetallica,6,6,0.215194311,0.763368281,0.306089416,0.112268498,0.335768397,0.204579166
Enyalioides_microlepis,6,6,0.275738787,0.787137781,0.324623294,0.130402623,0.414526252,0.278800795
Eremias_argus,6,6,0.218035715,0.758688656,0.291087637,0.104238782,0.353295477,0.22479885
Eremias_persica,6,6,0.213065324,0.734171363,0.249450463,0.101593685,0.377282717,0.251922844
Eremias_strauchi,6,6,0.187944805,0.698044489,0.263971779,0.100251395,0.342226502,0.225291002
Eremias_velox,6,6,0.21484426,0.742174735,0.303184996,0.10369332,0.336890609,0.233214849
Eublepharis_angramainyu,6,6,0.257264315,0.785823811,0.211846759,0.094383835,0.233701353,0.117985873
Eublepharis_macularius,6,6,0.23047258,0.749933661,0.218262926,0.095329522,0.247946955,0.120798008
Eugongylus_albofasciolatus,6,6,0.251334954,0.862498406,0.290005657,0.114715935,0.256392235,0.157347393
Eugongylus_rufescens,6,6,0.243444691,0.807927059,0.26075614,0.094518283,0.288381498,0.190764512
Eulamprus_quoyii,6,6,0.22216067,0.810582861,0.268343853,0.105978115,0.312081731,0.224418259
Eumeces_pavimentatus,6,6,0.241275187,0.821494704,0.279252275,0.114427251,0.280141083,0.189677184
Eumeces_schneideri,6,6,0.256411149,0.888163707,0.300044545,0.114322623,0.300681626,0.189105167
Eutropis_longicauda,6,6,0.257154326,0.880119073,0.33827523,0.133723727,0.319524714,0.211988058
Eutropis_multicarinata,6,6,0.240525835,0.764065987,0.320343264,0.125750486,0.348265835,0.23934035
Eutropis_multifasciata,6,6,0.237528078,0.779486362,0.306563144,0.117752405,0.327976675,0.208083738
Eutropis_rudis,6,6,0.220409851,0.718927399,0.322570274,0.108020877,0.321853652,0.207605035
Gambelia_sila,6,6,0.26726431,0.791905396,0.324677748,0.145889954,0.451263967,0.288206054
Gambelia_wislizenii,6,6,0.25816158,0.768060156,0.325870336,0.128578017,0.414429361,0.289002205
Geckolepis_maculata,6,6,0.27361903,0.73013624,0.293077421,0.149729997,0.250026875,0.142576271
Gehyra_mutilata,6,6,0.232906815,0.692114526,0.233815113,0.11874061,0.2526777,0.122041921
Gekko_mindorensis,6,6,0.216419218,0.740196925,0.214210295,0.136931182,0.277589008,0.141035787
Gekko_vittatus,6,6,0.244596524,0.769826454,0.257266403,0.129390464,0.249418622,0.108473958
Gerrhosaurus_flavigularis,6,6,0.180447338,0.826208287,0.247649332,0.153347563,0.315913634,0.212324541
Glaphyromorphus_mjoebergi,6,6,0.255880655,0.933165946,0.272806926,0.085135863,0.271572193,0.147528099
Glaphyromorphus_nigricaudis,6,6,0.217493716,0.880539018,0.28676653,0.089097411,0.259100981,0.151583005
Gonatodes_annularis,6,6,0.203140665,0.694747928,0.226764205,0.120139289,0.329771684,0.148203745
Gonatodes_ceciliae,6,6,0.200058987,0.723205941,0.294289528,0.109818113,0.328584609,0.177193413
Gonatodes_hasemani,6,6,0.246922137,0.741424403,0.269270452,0.153703177,0.357917573,0.214282656
Gonatodes_humeralis,6,6,0.218087247,0.719587106,0.282449545,0.122459811,0.330875143,0.189333522
Gonatodes_taniae,6,6,0.218336829,0.691201467,0.24342115,0.130679025,0.322619487,0.172770216
Gonatodes_vittatus,6,6,0.200770723,0.715700473,0.265646047,0.109245966,0.31708008,0.179721685
Goniurosaurus_kuroiwae,6,6,0.229360861,0.763361344,0.250484456,0.115989729,0.276292611,0.146758567
Gonocephalus_leiogaster,6,6,0.231308618,0.764524822,0.357065628,0.109053544,0.432968848,0.260010481
Gymnophthalmus_lineatus,5,5,0.226615527,0.822539132,0.260621033,0.094892659,0.306633062,0.186578762
Gymnophthalmus_pleei,5,6,0.215833245,0.818827566,0.255970042,0.082569342,0.319636422,0.200351545
Gymnophthalmus_speciosus,5,6,0.231263985,0.820830596,0.316121779,0.115272104,0.276423543,0.18069557
Hakaria_simonyi,6,6,0.239747386,0.933802241,0.259073435,0.06028894,0.234747037,0.138628399
Heloderma_suspectum,6,6,0.262211706,0.878054849,0.237712226,0.109806809,0.208600163,0.119697073
Hemidactylus_depressus,6,6,0.247147543,0.723324984,0.261643665,0.130656339,0.236610248,0.105036165
Hemidactylus_frenatus,6,6,0.228044637,0.71279855,0.203298038,0.125935937,0.271647422,0.09947002
Hemidactylus_leschenaulti,6,6,0.250273457,0.74202341,0.265761771,0.145124599,0.274021348,0.129409883
Hemidactylus_platycephalus,6,6,0.227534614,0.745107546,0.29100969,0.138235471,0.286781376,0.154956116
Hemidactylus_platyurus,6,6,0.224817407,0.729779729,0.215870532,0.133661511,0.30130381,0.142550794
Hemidactylus_turcicus,6,6,0.252400619,0.752570957,0.293642695,0.12526871,0.269923544,0.137361532
Hemiergis_initialis,6,6,0.203454512,0.871156641,0.236652422,0.050088486,0.212814214,0.092074051
Hemiergis_peroni,4,5,0.234081505,0.944770826,0.26813349,0.085984415,0.235304418,0.122224324
Hemiergis_quadrilineata,3,3,0.208134986,0.939552751,0.243508175,0.063480165,0.239712,0.103015807
Heteronotia_binoei,6,6,0.214348363,0.687737127,0.244911189,0.091536151,0.26103321,0.122386952
Holbrookia_lacerata,6,6,0.276554246,0.800765296,0.392787648,0.153385618,0.505856583,0.326888204
Holbrookia_maculata,6,6,0.244556776,0.708485614,0.287653159,0.143943671,0.464817077,0.303509371
Holbrookia_propinqua,6,6,0.246421498,0.738746037,0.30576908,0.119309155,0.490667068,0.357991834
Homonota_underwoodi,6,6,0.266324651,0.763994579,0.263452319,0.090036798,0.35134056,0.179199059
Hoplocercus_spinosus,6,6,0.240002442,0.785034723,0.252796466,0.106439151,0.260969427,0.165789825
Hoplodactylus_maculatus,6,6,0.262489794,0.741858315,0.297676367,0.133554665,0.28928657,0.157632998
Hydrosaurus_pustulatus,6,6,0.248403635,0.785433452,0.366204349,0.153709074,0.464138325,0.322312721
Hypsilurus_godeffroyi,6,6,0.282703231,0.783431931,0.301476388,0.134569451,0.421803284,0.299823631
Hypsilurus_modestus,6,6,0.252990386,0.808716514,0.283545136,0.147307244,0.527660435,0.348561807
Iberolacerta_horvathi,6,6,0.226296441,0.779262655,0.217481138,0.127667974,0.389620458,0.259950355
Isopachys_gyldenstolpei,1,1,0.241512691,1.343297326,0.281855131,0,0,0
Janetaescincus_braueri,6,6,0.214912725,0.836182619,0.229025127,0.09592049,0.255732794,0.093375612
Japalura_polygonata,6,6,0.249466744,0.716489428,0.152189282,0.107557418,0.400938622,0.237593667
Japalura_splendida,6,6,0.24421373,0.734139483,0.236395817,0.084792531,0.400269916,0.255408278
Kentropyx_altamazonica,6,6,0.201751193,0.751739224,0.30467956,0.113546762,0.379937533,0.276736036
Kentropyx_borkiana,6,6,0.194009925,0.717417188,0.203959159,0.099361278,0.374601175,0.267709164
Kentropyx_calcarata,6,6,0.208516827,0.728203446,0.245355942,0.118763857,0.394000594,0.309767981
Kentropyx_pelviceps,6,6,0.217614449,0.774485797,0.318344515,0.136380364,0.402047366,0.297021083
Kentropyx_viridistriga,6,6,0.204424696,0.731809748,0.340729556,0.10292755,0.374615096,0.256389898
Lacerta_agilis,6,6,0.215309947,0.768392533,0.21859528,0.108963932,0.248317339,0.158000887
Lacerta_graeca,6,6,0.192651832,0.734276586,0.227298247,0.122426849,0.303705724,0.213237786
Lacerta_schreiberi,6,6,0.230797342,0.765605012,0.289829978,0.117371078,0.308003644,0.201873089
Lacerta_trilineata,6,6,0.244671135,0.773432455,0.269522036,0.118668093,0.345017507,0.241469173
Lacerta_viridis,6,6,0.204721248,0.761282603,0.264112241,0.140823799,0.313894309,0.226210748
Laemanctus_longipes,6,6,0.23936386,0.734997116,0.266050958,0.113746827,0.458621628,0.310872287
Lamprolepis_smaragdina,6,6,0.200009342,0.740704499,0.253511057,0.104940214,0.272760218,0.184708133
Laudakia_badakhshana,6,6,0.289689484,0.760793145,0.360643263,0.131298234,0.415591351,0.25811632
Laudakia_lehmanni,6,6,0.276473999,0.755803626,0.331391683,0.129320989,0.397223093,0.235472615
Laudakia_stellio,6,6,0.293655102,0.727415392,0.294211786,0.12914042,0.390536579,0.227937153
Leiocephalus_barahonensis,6,6,0.261877559,0.752017112,0.350592315,0.163732356,0.466484638,0.332023073
Leiocephalus_carinatus,6,6,0.262970812,0.763526736,0.36065227,0.151971477,0.387035552,0.272390646
Leiocephalus_cubensis,6,6,0.248733542,0.761004946,0.307709097,0.148254532,0.431379448,0.299505337
Leiocephalus_lunatus,6,6,0.268253823,0.762434835,0.38432028,0.174597789,0.483929147,0.34644234
Leiocephalus_macropus,6,6,0.250183439,0.763766267,0.316856021,0.15853888,0.467125738,0.338274302
Leiocephalus_personatus,6,6,0.235181682,0.758599,0.36568608,0.133256644,0.469898505,0.327866511
Leiocephalus_schreibersi,6,6,0.236093944,0.733250756,0.287226693,0.108098758,0.399543655,0.267194189
Leiocephalus_semilineatus,6,6,0.236035207,0.726810992,0.327919237,0.132176067,0.446955649,0.308276812
Leiolepis_belliana,6,6,0.238989445,0.816919342,0.356442057,0.164752794,0.426953915,0.302945023
Lepidoblepharis_festae,6,6,0.221415152,0.802699532,0.339435991,0.147982618,0.284554584,0.176891684
Lepidoblepharis_ruthveni,6,6,0.205448717,0.744900915,0.260662321,0.130284081,0.283494956,0.16950038
Lepidodactylus_lugubris,6,6,0.230320751,0.732224731,0.268516494,0.120562175,0.301043151,0.159308666
Lepidophyma_flavimaculatum,6,6,0.224376573,0.794583016,0.295467753,0.118388453,0.301911399,0.207981996
Lepidophyma_gaigeae,6,6,0.206238775,0.752397711,0.251272718,0.081665536,0.283267728,0.166627362
Lepidophyma_smithii,6,6,0.231843589,0.752118373,0.209161298,0.092358499,0.269766771,0.183560025
Leposoma_parietale,6,6,0.209017014,0.705845891,0.232400804,0.089269418,0.313193345,0.192576376
Leposoma_scincoides,6,6,0.20356733,0.750023619,0.228417592,0.091663361,0.301123196,0.182857479
Leposoma_southi,6,6,0.210858563,0.762311506,0.271143665,0.08018753,0.331343089,0.180353957
Leptotyphlops_diaplocius,1,1,0.242295636,1.573721183,0.252640835,0,0,0
Leptotyphlops_macrolepis,1,1,0.194835642,1.58874968,0.260121139,0,0,0
Leptotyphlops_melanotermus,1,1,0.212423016,1.633750906,0.290969529,0,0,0
Lerista_bougainvillii,6,6,0.232978425,0.931666187,0.273295496,0.082942515,0.321283312,0.192128575
Lerista_connivens,1,3,0.220527588,1.006895077,0.273692977,0.075535955,0.246619098,0.114125499
Lerista_microtis,6,6,0.231197861,0.985288692,0.341598772,0.081285846,0.330293168,0.227211121
Lerista_muelleri,4,4,0.212313628,0.823716792,0.243232955,0.055518909,0.313841854,0.201615534
Lerista_picturata,1,3,0.202976953,1.009109117,0.225800656,0.073681722,0.246939048,0.13511751
Lerista_praepedita,1,1,0.224734823,1.120482755,0.263070119,0,0,0
Lerista_stylis,1,1,0.202927515,1.099949243,0.273584756,0,0,0
Lerista_tetradactyla,5,5,0.209428325,0.978515954,0.263949847,0.062819881,0.288739489,0.205182257
Lialis_burtonis,1,1,0.152385396,1.070774678,0.152162024,0,0,0
Liolaemus_bellii,6,6,0.253502226,0.751233695,0.344222733,0.124794062,0.393963954,0.274084724
Liolaemus_cyanogaster,6,6,0.252408073,0.803841366,0.381278185,0.140782489,0.394320413,0.271634483
Liolaemus_gravenhorstii,6,6,0.247498671,0.743124783,0.320175476,0.127603685,0.422910323,0.294976266
Liolaemus_kingii,6,6,0.245460687,0.760489712,0.293008589,0.114890454,0.371981282,0.242248454
Liolaemus_ornatus,6,6,0.2802198,0.764449823,0.370126957,0.174275644,0.418114573,0.277959109
Liolaemus_quilmes,6,6,0.274636875,0.756990656,0.363775373,0.11942054,0.346307741,0.222406779
Liolaemus_signifer,6,6,0.300523882,0.767215157,0.362027369,0.140180128,0.408288786,0.266333553
Liolaemus_tenuis,6,6,0.244769415,0.754414427,0.283254721,0.11746536,0.410751731,0.279930965
Liolaemus_wiegmannii,6,6,0.282163255,0.75473813,0.291932259,0.127194211,0.429453513,0.299290349
Lipinia_noctua,6,6,0.211778626,0.767657672,0.268881304,0.09839306,0.269012815,0.130851537
Lipinia_quadrivittata,6,6,0.224198223,0.842077386,0.249595316,0.083485744,0.308303631,0.151133031
Lipinia_vittigera,6,6,0.211781073,0.726835136,0.224072165,0.078019746,0.283134656,0.137715498
Lophognathus_gilberti,6,6,0.245208799,0.727609897,0.239681603,0.129159602,0.430165877,0.280300551
Lophognathus_temporalis,6,6,0.276860039,0.784677757,0.261648224,0.128546777,0.475738158,0.348647002
Lygisaurus_foliorum,5,5,0.233413388,0.746413071,0.263384016,0.088528741,0.315548655,0.192054094
Lygisaurus_novaeguineae,5,5,0.225781148,0.728916496,0.27111768,0.101164985,0.291943202,0.183559772
Lygodactylus_bernardi,6,6,0.254964279,0.715105404,0.230530519,0.092957745,0.306972919,0.138974034
Lygodactylus_luteopicturatus,6,6,0.194633888,0.681295492,0.241548861,0.124649844,0.248778085,0.122169916
Lygodactylus_picturatus,6,6,0.196623854,0.679151884,0.213908824,0.113697619,0.30279115,0.149956935
Lygosoma_afrum,6,6,0.243149865,1.014037365,0.295738518,0.114636591,0.254904904,0.142048874
Lygosoma_punctata,6,6,0.211141476,0.929629727,0.237475393,0.088530542,0.233566361,0.1421778
Mabuya_agilis,6,6,0.219188851,0.818711703,0.272020946,0.102780534,0.285107346,0.16725117
Mabuya_bistriata,6,6,0.24028481,0.810736868,0.271956595,0.134817762,0.2880482,0.176623605
Mabuya_frenata,6,6,0.214227511,0.756716072,0.241166431,0.105294895,0.261176775,0.165501119
Mabuya_macularia,6,6,0.241755346,0.830736067,0.346403696,0.118930013,0.346156514,0.231444472
Meroles_reticulatus,6,6,0.220970201,0.746433488,0.307997799,0.120349648,0.43584806,0.294729542
Meroles_suborbitalis,6,6,0.208210251,0.73346268,0.260981147,0.132640524,0.391202932,0.269679676
Mesalina_olivieri,6,6,0.207565004,0.759026486,0.269849453,0.10098589,0.397337851,0.273530902
Mesaspis_gadovii,6,6,0.258211236,0.868320519,0.319418449,0.123876616,0.256489974,0.18893501
Mesaspis_moreleti,6,6,0.228307075,0.805623003,0.247674342,0.117404045,0.291415875,0.16955456
Microlophus_albemarlensis,6,6,0.28145591,0.815305943,0.375889964,0.179666197,0.463266835,0.313098873
Microlophus_delanonis,6,6,0.223366656,0.699636027,0.270539293,0.118772997,0.372438712,0.250752446
Morethia_lineoocellata,5,6,0.226292719,0.848165846,0.298194864,0.103176998,0.3277499,0.192338365
Morunasaurus_annularis,6,6,0.239015447,0.746051845,0.337289285,0.11023817,0.340176687,0.231805967
Morunasaurus_peruvianus,6,6,0.251583368,0.728474421,0.291066717,0.11630427,0.321314401,0.223016469
Nactus_pelagicus,6,6,0.233092763,0.700841423,0.250642259,0.124260919,0.278932448,0.15244671
Nannoscincus_mccoyi,6,6,0.220653895,0.89575864,0.250140661,0.071851753,0.188471677,0.110699163
Neusticurus_bicarinatus,6,6,0.237041383,0.828944812,0.330002436,0.126608554,0.359571233,0.222866002
Neusticurus_rudis,6,6,0.203567773,0.75194308,0.22083952,0.102173365,0.328049796,0.22393491
Neusticurus_tatei,6,6,0.217640481,0.764123574,0.262971335,0.10104959,0.339782411,0.229123787
Nucras_intertexta,6,6,0.216731099,0.758237822,0.22941457,0.081816392,0.329729321,0.229386201
Oligosoma_zelandicum,6,6,0.228044553,0.855250716,0.306653342,0.093637262,0.258406429,0.180132092
Ophiodes_intermedius,1,1,0.212686189,1.160873037,0.269026971,0,0,0
Ophiodes_vertebralis,1,1,0.216747091,1.112886734,0.226400539,0.028227969,0.076313698,0.022758695
Ophisaurus_attenuatus,1,1,0.167607323,1.036785888,0.200131641,0,0,0
Ophisaurus_compressus,1,1,0.188559829,1.062481074,0.204556226,0,0,0
Ophisaurus_harti,1,1,0.218070446,1.104377602,0.250020121,0,0,0
Ophisaurus_sokolovi,1,1,0.214623814,1.039421478,0.241609761,0,0,0
Ophisaurus_ventralis,1,1,0.183733114,1.041468282,0.198710436,0,0,0
Oplurus_cyclurus,6,6,0.272350841,0.808719627,0.390652692,0.192357591,0.419429309,0.284807447
Oplurus_grandidieri,6,6,0.280263271,0.807562743,0.404063629,0.197651681,0.444515828,0.2870517
Oplurus_quadrimaculatus,6,6,0.285534117,0.84343599,0.489619437,0.201553593,0.472340789,0.309203077
Pachydactylus_capensis,6,6,0.226783109,0.727064377,0.2550572,0.120841539,0.260131915,0.122406348
Pachydactylus_punctatus,6,6,0.245469296,0.738316318,0.255495848,0.126080473,0.268224343,0.123483755
Pachydactylus_rugosus,6,6,0.253804949,0.701482708,0.24109774,0.114255968,0.288910294,0.113292209
Pachydactylus_vanzyli,6,6,0.220853422,0.743359122,0.160511527,0.107427126,0.290883396,0.134868257
Panaspis_togoensis,6,6,0.209297413,0.76169549,0.248472894,0.107614898,0.25375297,0.141762904
Panaspis_wahlbergi,6,6,0.214578653,0.855937056,0.252356383,0.090843044,0.274962843,0.143632803
Paroedura_bastardi,6,6,0.26727583,0.710625469,0.296629393,0.113466216,0.281709805,0.12253091
Petrosaurus_mearnsi,6,6,0.267629462,0.742286217,0.354939566,0.160280525,0.435288593,0.261252427
Petrosaurus_thalassinus,6,6,0.260480992,0.799458854,0.405915995,0.170437626,0.418136167,0.255452261
Phelsuma_madagascariensis,6,6,0.235563971,0.691539017,0.279320202,0.134513789,0.268007238,0.129461952
Pholidobolus_affinis,6,6,0.211419614,0.750006331,0.292446879,0.112723299,0.309717766,0.207099634
Pholidobolus_montium,6,6,0.206834642,0.719843869,0.271561416,0.093656252,0.315020744,0.208326954
Phoxophrys_cephalum,6,6,0.283381504,0.705086481,0.282367299,0.085339458,0.365061823,0.214678978
Phoxophrys_nigrilabris,6,6,0.285268851,0.724046741,0.278382103,0.09506418,0.428047153,0.243290865
Phrynosoma_asio,6,6,0.305623461,0.790327138,0.51125007,0.130207761,0.371288016,0.20647545
Phrynosoma_braconnieri,6,6,0.337932306,0.689254083,0.547831226,0.111984987,0.413117167,0.248143098
Phrynosoma_cerroense,6,6,0.320554783,0.797724342,0.533654011,0.146807937,0.410255304,0.22854278
Phrynosoma_cornutum,6,6,0.313994524,0.804579441,0.511135916,0.164905141,0.408534118,0.201385045
Phrynosoma_coronatum,6,6,0.358525594,0.740044041,0.472691833,0.124410692,0.402552942,0.21277537
Phrynosoma_douglassii,6,6,0.357816729,0.769158043,0.536196059,0.155731643,0.3799559,0.201056054
Phrynosoma_mcallii,6,6,0.335916877,0.781030727,0.458003807,0.138761334,0.424086121,0.255818819
Phrynosoma_modestum,6,6,0.350892791,0.771744261,0.464671854,0.156070477,0.391202608,0.207049586
Phrynosoma_platyrhinos,6,6,0.34082394,0.816362511,0.565255399,0.164460392,0.438843868,0.246850382
Phrynosoma_solare,6,6,0.356775888,0.743384028,0.511150169,0.155041871,0.339748353,0.163327461
Phrynosoma_taurus,6,6,0.381446036,0.77911068,0.566782459,0.148880956,0.428164893,0.23730729
Phyllodactylus_dixoni,6,6,0.210639326,0.727322765,0.227414033,0.125301266,0.255946475,0.135008874
Phyllodactylus_gerrhopygus,6,6,0.210239792,0.695425475,0.190721116,0.074364738,0.269709338,0.128721469
Phyllodactylus_microphyllus,6,6,0.283216854,0.755364048,0.283156846,0.138631536,0.33638022,0.145199371
Phyllodactylus_tuberculosus,6,6,0.226130561,0.712600068,0.233454646,0.121979847,0.284793715,0.127286197
Phyllodactylus_xanti,6,6,0.230279273,0.700318081,0.295337933,0.1357308,0.281322633,0.129282791
Physignathus_cocincinus,6,6,0.225945305,0.769349249,0.180999393,0.136297822,0.428265542,0.279647745
Platysaurus_guttatus,6,6,0.269599531,0.77025792,0.317722355,0.167784214,0.358856781,0.208003721
Platysaurus_maculatus,6,6,0.203954781,0.708277862,0.353239108,0.127847937,0.366672672,0.214745089
Plestiodon_chinensis,6,6,0.236788258,0.858482613,0.329753985,0.111635313,0.292068781,0.18880514
Plestiodon_copei,6,6,0.219868149,0.844554052,0.276141645,0.103084033,0.263663792,0.164702944
Plestiodon_egregius,6,6,0.207022412,0.901844361,0.230784908,0.074566549,0.295932009,0.183734585
Plestiodon_elegans,6,6,0.258277422,0.780899167,0.234143604,0.097899695,0.326004673,0.222758777
Plestiodon_fasciatus,6,6,0.213741289,0.798107585,0.280829216,0.087292512,0.283408567,0.186550865
Plestiodon_gilberti,6,6,0.233465569,0.847836301,0.291681584,0.081801247,0.291325573,0.180055436
Plestiodon_inexpectatus,6,6,0.22959341,0.787632839,0.285455484,0.11817949,0.311586026,0.206560058
Plestiodon_laticeps,6,6,0.242997239,0.79228386,0.283092032,0.096259658,0.277015496,0.181137847
Plestiodon_longirostris,6,6,0.241663549,0.747502227,0.239881683,0.096246482,0.298816854,0.199753193
Plestiodon_obsoletus,6,6,0.246096825,0.823391419,0.283675649,0.129051465,0.294117478,0.187954736
Plestiodon_septentrionalis,6,6,0.219876261,0.866045109,0.302610254,0.104414389,0.273716496,0.16559879
Podarcis_hispanica,6,6,0.210473509,0.772538743,0.283309496,0.098297435,0.361091914,0.249368881
Podarcis_melisellensis,6,6,0.238133251,0.782081971,0.330799137,0.108659922,0.39535101,0.24924845
Podarcis_peloponnesianica,6,6,0.214855083,0.737789023,0.261280953,0.095167247,0.363016834,0.264578511
Podarcis_sicula,6,6,0.206957681,0.742631552,0.217075257,0.100905191,0.313613283,0.207714425
Polychrus_acutirostris,6,6,0.228682479,0.762460317,0.228332352,0.075328219,0.24670234,0.155725057
Polychrus_femoralis,6,6,0.211313105,0.791970064,0.219103693,0.108195294,0.332033081,0.208851917
Polychrus_liogaster,6,6,0.22467922,0.798247818,0.255029482,0.130810059,0.339737506,0.217203197
Polychrus_marmoratus,6,6,0.2232998,0.776129734,0.271347542,0.11280176,0.315240072,0.194405844
Potamites_apodemus,6,6,0.185745881,0.680550066,0.175434957,0.095132248,0.292396515,0.167251524
Potamites_chochranae,6,6,0.220635796,0.73533905,0.293015291,0.091776862,0.319350221,0.194365379
Potamites_ecpleopus,6,6,0.235962972,0.741790499,0.280699741,0.128631855,0.304411346,0.206593144
Potamites_strangulatus,6,6,0.200690827,0.767067839,0.235086891,0.095755065,0.326230735,0.205712491
Prasinohaema_flavipes,6,6,0.228799836,0.793379153,0.266247729,0.103488618,0.256337128,0.16932404
Prasinohaema_virens,6,6,0.191083428,0.714325168,0.200742644,0.082093383,0.264399489,0.138662764
Proctoporus_bolivianus,6,6,0.212770589,0.773919564,0.235921389,0.084970914,0.283444527,0.178704037
Proctoporus_pachyurus,6,6,0.215547203,0.748427264,0.232812753,0.074782513,0.241246042,0.168311056
Proscelotes_eggeli,6,6,0.218496762,0.96609383,0.238548125,0.111037279,0.206830912,0.09492071
Psammodromus_algirus,6,6,0.205263892,0.787565411,0.284819125,0.138535707,0.365451814,0.271954358
Pseudemoia_entrecasteauxii,6,6,0.222734562,0.841968355,0.285633573,0.125671078,0.301956279,0.192877782
Pseudogekko_compressicorpus,6,6,0.209379518,0.750221754,0.19919907,0.103359007,0.282250126,0.13308042
Ptychoglossus_brevifrontalis,6,6,0.225925136,0.778615152,0.26072997,0.087168161,0.294290452,0.186787773
Ptychoglossus_festae,6,6,0.24257174,0.779108889,0.256529453,0.090307344,0.293703437,0.185411153
Ptychoglossus_plicatus,6,6,0.212354782,0.73812406,0.229849513,0.09831925,0.308505775,0.189749262
Ptychozoon_kuhli,6,6,0.253425672,0.755549807,0.266404332,0.141027903,0.323422466,0.171325918
Ptyodactylus_hasselquisti,6,6,0.240516156,0.763705183,0.247360043,0.130502258,0.355183681,0.141896598
Ramphotyphlops_erycinus,1,1,0.213733612,1.482151487,0.293545986,0,0,0
Ramphotyphlops_lineatus,1,1,0.286092882,1.756300885,0.311263486,0,0,0
Ramphotyphlops_polygrammicus,1,1,0.212894916,1.605749061,0.305658501,0,0,0
Rankinia_diemensis,6,6,0.253200273,0.675907,0.281135343,0.085788491,0.391079425,0.251975598
Rhachisaurus_brachylepis,5,5,0.176355169,0.915661986,0.239211788,0.040955684,0.256774917,0.138505204
Rhacodactylus_auriculatus,6,6,0.241901478,0.692678357,0.234901001,0.06876946,0.252773693,0.124214366
Rhampholeon_spectrum,6,6,0.215109914,0.735519383,0.25555192,0.101580722,0.28596551,0.092682302
Riama_anatoloros,6,6,0.208509098,0.823175518,0.269012108,0.088816588,0.247052902,0.147704984
Riama_shrevei,6,6,0.178496664,0.769595906,0.236498562,0.094420046,0.267716479,0.147952193
Riama_simoterus,6,6,0.208540338,0.840351948,0.279110695,0.096602568,0.236754088,0.148462099
Saiphos_equalis,4,4,0.235386642,0.998380198,0.276121573,0.114358888,0.158258879,0.031081327
Saproscincus_mustelinus,6,6,0.238473202,0.817519498,0.260916053,0.091093628,0.299764294,0.168325259
Sauromalus_obesus,6,6,0.273617607,0.842025166,0.47972902,0.140514627,0.366557315,0.248975468
Sceloporus_acanthinus,6,6,0.307127551,0.751927171,0.307384039,0.155154036,0.377077386,0.260341303
Sceloporus_adleri,6,6,0.283080256,0.739928245,0.392394341,0.140569464,0.472960152,0.320885804
Sceloporus_aeneus,6,6,0.281297163,0.764457266,0.387243749,0.133174769,0.416458643,0.287719742
Sceloporus_bicanthalis,6,6,0.27495157,0.781362014,0.412497332,0.146288631,0.421134261,0.271363793
Sceloporus_chrysostictus,6,6,0.243423269,0.727006395,0.260314271,0.154196975,0.473955074,0.31747733
Sceloporus_clarkii,6,6,0.289033909,0.786430686,0.387872506,0.166105545,0.39746141,0.263648187
Sceloporus_cozumelae,6,6,0.258993522,0.715787208,0.283213814,0.139485981,0.443539149,0.296041003
Sceloporus_cyanogenys,6,6,0.309056863,0.803672803,0.397200148,0.183943345,0.398825553,0.25332819
Sceloporus_formosus,6,6,0.280253325,0.736962095,0.313869793,0.131234119,0.38558597,0.262540678
Sceloporus_gadovae,6,6,0.23626933,0.708720524,0.339815723,0.122671822,0.429193568,0.274116466
Sceloporus_graciosus,6,6,0.276154281,0.74042175,0.353226313,0.124173402,0.456716444,0.322328073
Sceloporus_grammicus,6,6,0.293929799,0.751983392,0.380750352,0.159918347,0.426167269,0.272860586
Sceloporus_hunsakeri,6,6,0.309010137,0.766718145,0.392355877,0.166241889,0.449295524,0.304454733
Sceloporus_lineolateralis,6,6,0.277674502,0.736689572,0.385157619,0.135802132,0.404985456,0.261336166
Sceloporus_magister,6,6,0.294470698,0.781356445,0.38127919,0.152272324,0.354337863,0.204040526
Sceloporus_malachiticus,6,6,0.289254206,0.764096527,0.408660041,0.140060138,0.411013086,0.280868805
Sceloporus_melanorhinus,6,6,0.275606933,0.739611565,0.358711164,0.151353735,0.395773996,0.276922427
Sceloporus_merriami,6,6,0.257857527,0.706899934,0.304934852,0.144017724,0.452861224,0.279089987
Sceloporus_occidentalis,6,6,0.256549323,0.762805775,0.344384601,0.13508914,0.444861699,0.302627119
Sceloporus_olivaceus,6,6,0.272510175,0.773193896,0.338612663,0.162628747,0.408595656,0.278522776
Sceloporus_orcutti,6,6,0.311732211,0.800376691,0.370062249,0.195312182,0.42611283,0.276958653
Sceloporus_ornatus,6,6,0.269336701,0.763089025,0.381335272,0.126428585,0.403795617,0.244175179
Sceloporus_poinsettii,6,6,0.315479737,0.800060933,0.42107713,0.162474171,0.402947244,0.260689201
Sceloporus_pyrocephalus,6,6,0.249350562,0.733034709,0.35379556,0.149075584,0.410166725,0.250833918
Sceloporus_salvini,6,6,0.258478865,0.708227949,0.339668671,0.126699187,0.399977324,0.277753637
Sceloporus_scalaris,6,6,0.258006019,0.75501612,0.318950751,0.111529112,0.345053237,0.225689638
Sceloporus_undulatus,6,6,0.286946025,0.769042242,0.366874155,0.167061738,0.43046095,0.294132246
Sceloporus_utiformis,6,6,0.253707693,0.684221836,0.297957783,0.148862155,0.474957782,0.305439966
Sceloporus_variabilis,6,6,0.243771242,0.740720648,0.288436006,0.159998287,0.390944399,0.283117936
Sceloporus_zosteromus,6,6,0.242634585,0.764490125,0.250077526,0.137650695,0.375570034,0.240556767
Scincella_boettgeri,6,6,0.200011782,0.801928111,0.241898145,0.069127929,0.290227652,0.168810395
Scincella_lateralis,6,6,0.219013858,0.791819659,0.252941334,0.0798206,0.293342216,0.170985466
Scincella_modesta,6,6,0.235030003,0.899415545,0.334864381,0.067525866,0.306858897,0.207361344
Scincella_travancorica,6,6,0.230529415,0.763602421,0.240137953,0.086207574,0.274524659,0.191313996
Shinisaurus_crocodilurus,6,6,0.213440281,0.787621615,0.235031154,0.107305538,0.267149472,0.190800961
Sitana_ponticeriana,6,6,0.226736417,0.708038027,0.331402412,0.099076996,0.460746539,0.28858518
Sphaerodactylus_argivus,6,6,0.225755665,0.726506673,0.234618545,0.133513963,0.237391522,0.113208556
Sphaerodactylus_copei,6,6,0.198317528,0.698811735,0.201704063,0.106171294,0.284603502,0.144306234
Sphaerodactylus_elegans,6,6,0.238848308,0.756213007,0.264341546,0.126853647,0.282397649,0.144141536
Sphaerodactylus_macrolepis,6,6,0.208021872,0.724707079,0.253624636,0.101284646,0.26873546,0.142657401
Sphaerodactylus_sputator,6,6,0.215321997,0.710558989,0.219642794,0.117912093,0.244724936,0.121474937
Sphenodon_punctatus,6,6,0.242840587,0.751056697,0.316275235,0.106152913,0.233026295,0.151683238
Sphenomorphus_abdictus,6,6,0.247112057,0.787710735,0.31405316,0.102550343,0.319722805,0.208465394
Sphenomorphus_brunneus,6,6,0.220875552,0.818772052,0.267861671,0.103128516,0.244113672,0.162595466
Sphenomorphus_cherriei,6,6,0.226376085,0.841481936,0.297750697,0.093676556,0.306330958,0.184689847
Sphenomorphus_concinnatus,6,6,0.20480579,0.747613014,0.213422927,0.112113581,0.341537613,0.229735067
Sphenomorphus_darlingtoni,6,6,0.228783064,0.767801912,0.280356034,0.086145163,0.254849791,0.131047402
Sphenomorphus_dusumierii,6,6,0.22660133,0.89053936,0.306197898,0.113195888,0.295252586,0.172943262
Sphenomorphus_jagorii,6,6,0.215073376,0.749117799,0.239837779,0.098708846,0.313319331,0.206811679
Sphenomorphus_jobiensis,6,6,0.237938129,0.796879167,0.291129987,0.127922795,0.321891474,0.197411826
Sphenomorphus_leptofasciatus,6,6,0.222896647,0.814982156,0.26825337,0.090577768,0.258891306,0.171256218
Sphenomorphus_mindanensis,6,6,0.245029117,0.751669301,0.288558166,0.080903744,0.27595648,0.157364901
Sphenomorphus_papuensis,6,6,0.246745176,0.828778538,0.329886792,0.129143947,0.326852507,0.217536322
Sphenomorphus_solomonis,6,6,0.223852469,0.843427162,0.280728013,0.114153116,0.252895418,0.14933488
Sphenops_sepsoides,6,6,0.22359434,0.99153272,0.235162295,0.09362062,0.271298307,0.187823045
Stenocercus_boettgeri,6,6,0.257742668,0.762785763,0.297631738,0.130522773,0.408728617,0.290042903
Stenocercus_chota,6,6,0.239327035,0.734499327,0.325691149,0.145410108,0.407839797,0.275258625
Stenocercus_formosus,6,6,0.245588013,0.744569595,0.334703347,0.152780403,0.436841052,0.312473991
Stenocercus_iridescens,6,6,0.264907025,0.78250752,0.305984076,0.201411278,0.478970217,0.368042497
Stenocercus_ornatus,6,6,0.242529688,0.7765189,0.284006817,0.114761392,0.408903214,0.289072431
Stenocercus_rhodomelas,6,6,0.267707186,0.773939456,0.30947383,0.144237433,0.42461844,0.29545164
Stenocercus_variabilis,6,6,0.246777158,0.759850411,0.369544414,0.122499447,0.430859454,0.322355444
Stenodactylus_sternus,6,6,0.270344497,0.705595632,0.308688794,0.099707544,0.333782639,0.163293849
Takydromus_sexlineatus,6,6,0.171445478,0.766886544,0.149103812,0.092411137,0.336930753,0.222161421
Tarentola_annularis,6,6,0.297099199,0.735589064,0.363914938,0.17293519,0.278402702,0.121487746
Teira_dugesii,6,6,0.218111986,0.76852914,0.282399839,0.092067683,0.331425052,0.230257041
Teius_teyou,6,6,0.257693486,0.8451675,0.360674038,0.177661972,0.437825636,0.32161303
Tetradactylus_tetradactylus,5,5,0.192273127,0.86450451,0.218400008,0.040897231,0.181810531,0.09064315
Tiliqua_gigas,6,6,0.265326613,0.822702249,0.2983617,0.078682419,0.193795774,0.098445906
Tiliqua_rugosa,6,6,0.320582098,0.810423935,0.365092351,0.063649402,0.167254313,0.0845226
Timon_lepidus,6,6,0.222502582,0.743271522,0.235498352,0.103835064,0.284315296,0.185734551
Tracheloptychus_madagascariensis,6,6,0.242848873,0.787277383,0.325726467,0.148153497,0.472242291,0.349464616
Trachylepis_capensis,6,6,0.290459223,0.796302918,0.327742261,0.159984697,0.355761987,0.22042223
Trachylepis_elegans,6,6,0.238187251,0.776769835,0.28851852,0.100055249,0.348949593,0.233362647
Trachylepis_gravenhorsti,6,6,0.2417606,0.799494631,0.304700461,0.124174978,0.36904129,0.242117433
Trapelus_agilis,6,6,0.378796071,0.81617604,0.396311017,0.129516809,0.456110798,0.26512793
Trapelus_blanfordii,6,6,0.282299107,0.747277728,0.315327766,0.113346015,0.453076916,0.306546053
Trapelus_ruderatus,6,6,0.326708189,0.756242583,0.358653148,0.134131627,0.442962385,0.242515265
Tretioscincus_agilis,6,6,0.211704676,0.792255225,0.265865809,0.074055322,0.331428774,0.237080638
Tretioscincus_bifasciatus,6,6,0.207082455,0.739214265,0.274661416,0.105918307,0.317004456,0.221169265
Tribolonotus_blanchardi,6,6,0.210322149,0.738649026,0.234220441,0.085527496,0.278727626,0.181532822
Tribolonotus_gracilis,6,6,0.254625404,0.704594096,0.251438014,0.089801469,0.235748576,0.141400394
Tribolonotus_novaeguineae,6,6,0.243728173,0.717203731,0.210014838,0.080928399,0.257207231,0.142283047
Tribolonotus_ponceleti,6,6,0.265887849,0.736717942,0.262638191,0.091100421,0.242991178,0.153782595
Tribolonotus_pseudoponceleti,6,6,0.227334391,0.706082412,0.249448301,0.081375488,0.241673382,0.13005852
Tribolonotus_schmidti,6,6,0.21813952,0.746967836,0.234002421,0.078914232,0.268195632,0.151514935
Tropidomorphus_berdmorei,6,6,0.189303764,0.748338484,0.231520041,0.080548755,0.260326072,0.170981518
Tropidurus_bogerti,6,6,0.260564484,0.744218266,0.335195398,0.142275583,0.450077701,0.300891569
Tropidurus_guarani,6,6,0.319856304,0.838382447,0.415530953,0.172917015,0.450168421,0.308941295
Tropidurus_hispidus,6,6,0.265849385,0.745640283,0.333803221,0.154084374,0.395532803,0.25169644
Tropidurus_montanus,6,6,0.259373762,0.749558067,0.332389014,0.124727794,0.414701209,0.270639763
Tropidurus_plica,6,6,0.275410969,0.735815817,0.333953991,0.138109275,0.41461779,0.254349493
Tropidurus_spinulosus,6,6,0.287546468,0.818435152,0.374403036,0.168548004,0.440149578,0.291089692
Tupinambis_teguixin,6,6,0.183673898,0.700993383,0.22255459,0.094319072,0.306889126,0.211973572
Tympanocryptis_lineata,6,6,0.285009788,0.773783824,0.383511169,0.106525925,0.410830031,0.236058616
Typhlops_bibroni,1,1,0.218611779,1.503473308,0.248298099,0,0,0
Typhlops_brongersmianus,1,1,0.225688606,1.435026299,0.276060566,0,0,0
Typhlops_dominicanus,1,1,0.233309209,1.673073041,0.321072358,0,0,0
Typhlops_monastus,1,1,0.225112397,1.551982511,0.243116886,0,0,0
Typhlops_trinitatus,1,1,0.21754265,1.587718733,0.244048359,0,0,0
Uma_inornata,6,6,0.247200856,0.836784529,0.385001422,0.163603319,0.448657698,0.290772948
Uma_notata,6,6,0.25509532,0.793752068,0.408310165,0.149899159,0.45875042,0.287315407
Uracentron_flaviceps,6,6,0.278032473,0.764459716,0.322344552,0.140215728,0.405293829,0.277364731
Uranoscodon_superciliosus,6,6,0.257911317,0.834007571,0.398165059,0.156230776,0.454901515,0.336903614
Uromastyx_aegyptia,6,6,0.252942981,0.784902386,0.364877785,0.118099731,0.312827283,0.180041978
Uromastyx_loricata,6,6,0.291646046,0.753226566,0.375420885,0.11742913,0.278335905,0.158100235
Uromastyx_ocellata,6,6,0.341223663,0.88526188,0.507336414,0.171990992,0.383827436,0.242042847
Urosaurus_bicarinatus,6,6,0.248177901,0.725710345,0.303266082,0.129663487,0.375045828,0.244698009
Urosaurus_nigricaudus,6,6,0.255588492,0.724207661,0.336599095,0.138582689,0.426428572,0.281754469
Urosaurus_ornatus,6,6,0.256250164,0.761651307,0.344036098,0.132254657,0.456479016,0.319091791
Uta_stansburiana,6,6,0.268818988,0.760680855,0.407228602,0.153303104,0.435442387,0.276803432
Vanzosaura_rubricauda,5,6,0.201423108,0.809546229,0.245418051,0.085011849,0.328581965,0.222734865
Varanus_acanthurus,6,6,0.190430431,0.840645827,0.240971312,0.103619666,0.279115135,0.187083569
Varanus_bengalensis,6,6,0.225293405,0.864606475,0.335987347,0.148965591,0.27707851,0.187078155
Varanus_dumerilii,6,6,0.18689761,0.883282488,0.213878397,0.138401317,0.206067724,0.141498932
Varanus_eremius,6,6,0.204762243,0.853476365,0.311381602,0.116050173,0.312415913,0.183453644
Varanus_gilleni,6,6,0.220221709,0.902925619,0.286925121,0.107602837,0.272364305,0.191439847
Varanus_gouldii,6,6,0.177417523,0.876831487,0.293013801,0.154272497,0.32049287,0.211506718
Varanus_griseus,6,6,0.207370192,0.873476082,0.299634156,0.12022692,0.302857794,0.189967381
Varanus_niloticus,6,6,0.176625573,0.771808892,0.238084566,0.114676347,0.250670521,0.169445471
Varanus_salvator,6,6,0.177695244,0.873279235,0.251980824,0.121488856,0.308858957,0.21527062
Varanus_timorensis,6,6,0.184444307,0.789849528,0.259344018,0.115092116,0.253966229,0.173196315
Varanus_tristis,6,6,0.182519503,0.884866339,0.261601485,0.127953635,0.292618315,0.186419997
Wetmorena_haetiana,5,5,0.248426184,0.928267173,0.288215238,0.100386029,0.20186149,0.101473913
Xantusia_arizonae,6,6,0.23120492,0.764705763,0.239427467,0.107854126,0.317051124,0.199747822
Xantusia_henshawi,6,6,0.240280355,0.777584812,0.32189478,0.127335541,0.340916311,0.212729014
Xantusia_vigilis,6,6,0.250272144,0.829113461,0.337132968,0.103141573,0.316093319,0.180794127
Xenosaurus_grandis,6,6,0.28639745,0.799971055,0.304065535,0.134932987,0.32028645,0.217143656
Zonosaurus_ornatus,6,6,0.215779568,0.77196802,0.272161719,0.13626454,0.28867064,0.2001459
